metric,"('SEX', 1)","('SEX', 2)","('RAC1P', 1)","('RAC1P', 2)"
FNR,0.09407,0.091,0.09286,0.09148
FPR,0.35652,0.41554,0.38873,0.39165
