metric,"('SEX', 1)","('SEX', 2)","('RAC1P', 1)","('RAC1P', 2)"
FNR,0.11051,0.09014,0.1028,0.08772
FPR,0.50544,0.60748,0.55972,0.5825
