metric,"('SEX', 1)","('SEX', 2)","('RAC1P', 1)","('RAC1P', 2)"
FNR,0.09571,0.09239,0.09433,0.09398
FPR,0.35406,0.40978,0.38443,0.38767
